{
    "artists":
    {"kizaru": [
            {
                "qt": "всё что я знаю меня",
                "qb": "научили narcos"
            },
            {
                "qt": "поднялся в цене",
                "qb": "из-за инфляции"
            },
            {
                "qt": "мне снятся деньги",
                "qb": "я просіпаюсь уже голодній"
            },
            {
                "qt": "ті не знал?",
                "qb": "я а*#евший агроном"
            },
            {
                "qt": "м*ть его треп-",
                "qb": "алигатор"
            },
            {
                "qt": "сегодня я",
                "qb": "проснулся рано"
            }
        ],
    "mayot": [
            {
                "qt": "иду по району",
                "qb": "джинсі висят низко"
            },
            {
                "qt": "видел твоих пацанов",
                "qb": "они дауні"
            },
            {
                "qt": "Если у нас щас ",
                "qb": "на хвосте мигалке,"
            },
            {
                "qt": "значит мы бегаем",
                "qb": " как в игре салки"
            },
            {
                "qt": "копі летят со",
                "qb": "скоростью флеша"
            },
            {
                "qt": "ведь они хотели",
                "qb": "нам по мешать"
            }
        ]},
    "pacifiers": [
        ")",
        "))",
        ")))",
        ")()",
        "...",
        ".",
        "(",
        "((",
        "(((",
        " "
    ]
}